[{"Code":"XDEA","Name":"Novemina","Symptom":"Dolor de cabeza","Deleted":true},{"Code":"ABCD","Name":"Perifar Flex","Symptom":"Fiebre","Deleted":true},{"Code":"ZASW","Name":"Aspirina","Symptom":"Dolor en general","Deleted":true},{"Code":"BIO","Name":"Bio Grip Plus 8 Comprimidos","Symptom":"Gripe","Deleted":true},{"Code":"ASCX","Name":"aaaaa","Symptom":"eeeeeeee","Deleted":true},{"Code":"ZXZ","Name":"qwewr","Symptom":"asdda","Deleted":true},{"Code":"WWW","Name":"asdasasfasf","Symptom":"sadsadasd","Deleted":true},{"Code":"GFR","Name":"Novemina Fuerte","Symptom":"Dolor general","Deleted":false}]